osm_id,composite_risk,priority,other_feature_recommendation
4357072,0.24374588263692104,False,Intervene due to high lanes
637270100,0.24082880180483057,False,Intervene due to high lanes
55654761,0.22887963705487469,False,Intervene due to high lanes
23212247,0.2543211742129566,False,Intervene due to high lanes
30614940,0.3369619687732792,False,Intervene due to high lanes
275299485,0.21638993062322848,False,Intervene due to high lanes
47418240,0.21517953570866666,False,Intervene due to high lanes
388985773,0.26797243253990227,False,Intervene due to high lanes
45095313,0.316154955873098,False,Intervene due to high lanes
102155148,0.2136815716963921,False,Intervene due to high lanes
103387665,0.2126476332417408,False,Intervene due to high lanes
116553679,0.23477160328103353,False,Intervene due to high lanes
124691529,0.21684500299496104,False,Intervene due to high lanes
67200769,0.2245671234123247,False,Intervene due to high lanes
38663728,0.20446736584175218,False,Intervene due to high lanes
596568239,0.22344778062471155,False,Intervene due to high lanes
732916981,0.2660702461275892,False,Intervene due to high lanes
157402555,0.2950829079953009,False,Intervene due to high lanes
80216589,0.42988527235751994,False,Intervene due to high lanes
263321260,0.22009987341378767,False,Intervene due to high lanes
48115044,0.2432714258291366,False,Intervene due to high lanes
259915558,0.6192727759759354,False,Intervene due to high lanes
109201331,0.34816835176087435,False,Intervene due to high lanes
98123748,0.23247156022193666,False,Intervene due to high lanes
124339691,0.2882268932021441,False,Intervene due to high lanes
317104847,0.6952553159252112,True,Intervene due to high lanes
34942238,0.2529577929160694,False,Intervene due to high lanes
148284280,0.20908380859555975,False,Intervene due to high lanes
29177253,0.22249524994149875,False,Intervene due to high lanes
31656740,0.2543105535792149,False,Intervene due to high lanes
4357068,0.20429214497754353,False,Intervene due to high lanes
532958223,0.24418208446365874,False,Intervene due to high lanes
151816018,0.6273734853944386,True,Intervene due to high lanes
946196369,0.2655812967166604,False,Intervene due to high lanes
130101691,0.20356080229402956,False,Intervene due to high lanes
539934647,0.30401138799706634,False,Intervene due to high lanes
1178699392,0.22015031883988248,False,Intervene due to high lanes
56243343,0.20874851403318667,False,Intervene due to high lanes
1089074095,0.23558829164918246,False,Intervene due to high lanes
439830685,0.21061506807726404,False,Intervene due to high lanes
380038046,0.2503506769069615,False,Intervene due to high lanes
4935817,0.4224425160473608,False,Intervene due to high segment_width
135843923,0.259435381942085,False,Intervene due to high lanes
1082504224,0.25542591714900864,False,Intervene due to high lanes
23977308,0.49427626574213435,False,Intervene due to high lanes
28775973,0.2687847642585557,False,Intervene due to high lanes
235499038,0.20640679716915533,False,Intervene due to high lanes
29493102,0.27186584129539576,False,Intervene due to high lanes
206490656,0.2071906773456871,False,Intervene due to high lanes
28533687,0.22651689581759396,False,Intervene due to high lanes
846584622,0.3206305431906545,False,Intervene due to high lanes
621411304,0.6188785385565991,False,Intervene due to high lanes
938462472,1.409171547823577,True,Intervene due to high mean_curvature
98690680,0.2420026599522827,False,Intervene due to high lanes
154271429,0.2085547568953454,False,Intervene due to high lanes
267606597,0.21477417240993565,False,Intervene due to high lanes
53729048,0.22331171695309854,False,Intervene due to high lanes
53627678,0.23477646927926893,False,Intervene due to high lanes
29495262,0.2675264566873396,False,Intervene due to high lanes
728191513,0.6336161703917809,True,Intervene due to high lanes
28552791,0.2591808459222535,False,Intervene due to high lanes
106993209,0.6107818329331248,False,Intervene due to high lanes
62103039,0.22424426163838976,False,Intervene due to high lanes
152830383,0.2490040720069957,False,Intervene due to high lanes
30265146,0.25066701980818024,False,Intervene due to high lanes
160192382,0.2581249945539216,False,Intervene due to high lanes
24636221,0.3014525794236851,False,Intervene due to high lanes
32806735,0.24671840405538975,False,Intervene due to high lanes
28188700,0.293761810053714,False,Intervene due to high lanes
51339480,0.208145582422406,False,Intervene due to high lanes
1300589677,0.4630281814328272,False,Intervene due to high mean_curvature
4896186,0.672319551941599,True,Intervene due to high lanes
47409980,0.4297704272865376,False,Intervene due to high lanes
28868605,0.2689461091607064,False,Intervene due to high lanes
4910276,0.6360595569716476,True,Intervene due to high lanes
370822568,0.2282644053028968,False,Intervene due to high lanes
199028571,0.22301849400578674,False,Intervene due to high lanes
35116100,0.20866402971459197,False,Intervene due to high lanes
831635292,0.20349976913231851,False,Intervene due to high lanes
35776890,0.2871952928442654,False,Intervene due to high lanes
82162396,0.252078923132086,False,Intervene due to high lanes
23959195,0.3817446581799073,False,Intervene due to high lanes
88191025,0.6518818018952024,True,Intervene due to high lanes
92512309,0.23051249075776528,False,Intervene due to high lanes
513164628,0.23021063385577661,False,Intervene due to high lanes
30069089,0.38723077864896105,False,Intervene due to high lanes
80482765,0.20575115585783949,False,Intervene due to high lanes
68453926,0.256079422434322,False,Intervene due to high lanes
130503865,0.20342581888031822,False,Intervene due to high lanes
1293303904,0.23950901105833622,False,Intervene due to high lanes
23212320,0.23897558686920883,False,Intervene due to high lanes
80677124,0.2585275387313547,False,Intervene due to high lanes
1304736613,0.23502118385872764,False,Intervene due to high lanes
1391081455,0.29813821163889775,False,Intervene due to high lanes
22979738,0.22866570233069394,False,Intervene due to high lanes
22952883,0.3029066600134022,False,Intervene due to high lanes
547223474,0.6346409264347175,True,Intervene due to high lanes
109340334,0.24993125444794106,False,Intervene due to high lanes
687923745,0.21678427661940708,False,Intervene due to high lanes
166905339,0.24405363396514249,False,Intervene due to high lanes
90610186,0.2224029874531226,False,Intervene due to high lanes
27086361,0.24802897290658446,False,Intervene due to high lanes
166220880,0.22047597456269058,False,Intervene due to high lanes
23747127,0.33361581953175923,False,Intervene due to high lanes
1010879848,0.24133705740641614,False,Intervene due to high lanes
55822155,0.23138272490826883,False,Intervene due to high lanes
68310849,0.6118208423684356,False,Intervene due to high lanes
85049443,0.2789817513468055,False,Intervene due to high lanes
94081019,0.22622683855429782,False,Intervene due to high lanes
553976430,0.31071533184821976,False,Intervene due to high segment_width
25845123,0.2478474490903086,False,Intervene due to high lanes
26302583,0.38549967454490003,False,Intervene due to high lanes
23520669,0.3202257966286868,False,Intervene due to high lanes
173056931,0.21233356748380122,False,Intervene due to high lanes
799533700,0.529475088724393,False,Intervene due to high segment_width
369348565,0.2061861733886259,False,Intervene due to high lanes
127012099,0.23713657906936475,False,Intervene due to high lanes
28957488,0.2609925808734749,False,Intervene due to high lanes
113778936,0.20631781501010094,False,Intervene due to high lanes
247106404,0.27128601330945656,False,Intervene due to high lanes
211228422,0.24512676690351412,False,Intervene due to high lanes
372150049,0.21507942600608226,False,Intervene due to high lanes
28819598,0.7204047859077248,True,Intervene due to high lanes
222494313,0.21890217353164856,False,Intervene due to high lanes
269944886,0.752185284387591,True,Intervene due to high lanes
389682614,0.26564272748189355,False,Intervene due to high lanes
782901154,0.2756309305596384,False,Intervene due to high lanes
163214932,0.2132854919794714,False,Intervene due to high lanes
53456183,0.22195369772160647,False,Intervene due to high lanes
157402436,0.21797227784442466,False,Intervene due to high lanes
84883410,0.23127352259268041,False,Intervene due to high lanes
23519600,0.2699656050515262,False,Intervene due to high lanes
31888590,0.21909362367168256,False,Intervene due to high lanes
225520527,0.26466368403913176,False,Intervene due to high lanes
191850306,0.4547753580351613,False,Intervene due to high lanes
31536714,0.2890884482627861,False,Intervene due to high lanes
31759712,0.6742537561530705,True,Intervene due to high lanes
237456935,0.26080914127121,False,Intervene due to high lanes
13752930,0.6177826289499293,False,Intervene due to high lanes
732015271,0.30541287772999637,False,Intervene due to high lanes
497536845,0.6333842485006339,True,Intervene due to high lanes
108422456,0.23498800256509722,False,Intervene due to high lanes
23907787,0.2470812085084418,False,Intervene due to high lanes
1009021143,0.21750076072379532,False,Intervene due to high lanes
57743591,0.2038826034575015,False,Intervene due to high lanes
202390943,0.6700817644922933,True,Intervene due to high lanes
91362842,0.22704326199501984,False,Intervene due to high lanes
13752595,0.22966512401711364,False,Intervene due to high lanes
770972272,0.29567777778165955,False,Intervene due to high lanes
97677545,0.2632139386268485,False,Intervene due to high lanes
246869360,0.21090109491987985,False,Intervene due to high lanes
149096526,0.29924756449238343,False,Intervene due to high lanes
108179548,0.2394863182975523,False,Intervene due to high lanes
85049429,0.21570707199178496,False,Intervene due to high lanes
266119608,0.23496314518121297,False,Intervene due to high lanes
72472581,0.3816586566453023,False,Intervene due to high lanes
5707692,0.24855864146523868,False,Intervene due to high lanes
166219950,0.25658573373620214,False,Intervene due to high lanes
23520149,0.22029339007997806,False,Intervene due to high lanes
155436839,0.21525202990332334,False,Intervene due to high lanes
115233269,0.2258733878087555,False,Intervene due to high lanes
91734406,0.4810269487655942,False,Intervene due to high lanes
28788664,0.7042337158843467,True,Intervene due to high lanes
28951497,0.21000455592839443,False,Intervene due to high lanes
20528779,0.2529232588675654,False,Intervene due to high lanes
23241531,0.2116553731859777,False,Intervene due to high lanes
31536627,0.2782640503821262,False,Intervene due to high lanes
45095282,0.3554501872625243,False,Intervene due to high lanes
124692807,0.2378444698473162,False,Intervene due to high lanes
58494774,0.6875545060569243,True,Intervene due to high lanes
628700841,0.27722366597439035,False,Intervene due to high lanes
903548635,0.6083923149898314,False,Intervene due to high lanes
29354754,0.21791122205357083,False,Intervene due to high lanes
133256157,0.2273783172580192,False,Intervene due to high lanes
29671193,0.2881701762037069,False,Intervene due to high lanes
1297142511,0.21287389391428727,False,Intervene due to high lanes
705703226,1.2065733053955086,True,Intervene due to high segment_width
30265735,0.24686585825486254,False,Intervene due to high lanes
208719904,0.2641813109923841,False,Intervene due to high lanes
53728264,0.21931853069237725,False,Intervene due to high lanes
681683031,1.1139081803983413,True,Intervene due to high mean_curvature
158171558,0.22387907048437145,False,Intervene due to high lanes
108782088,0.2980430639404874,False,Intervene due to high lanes
311852376,0.3149463291102419,False,Intervene due to high lanes
250252317,0.33219375767962633,False,Intervene due to high lanes
579458299,0.39261760327559536,False,Intervene due to high lanes
152948619,0.2141749479854975,False,Intervene due to high lanes
364051677,0.3358589285124399,False,Intervene due to high lanes
27421930,0.22604659299308955,False,Intervene due to high lanes
587032745,0.25119048593697657,False,Intervene due to high lanes
884700472,0.23454934697240615,False,Intervene due to high lanes
51774810,0.26624186660260946,False,Intervene due to high lanes
333003198,0.3299366665005206,False,Intervene due to high lanes
23525865,0.25000684984490346,False,Intervene due to high lanes
4196131,0.47126207766947187,False,Intervene due to high lanes
1121139516,0.24268398077696388,False,Intervene due to high lanes
388995187,0.21171337317679823,False,Intervene due to high lanes
32686458,0.20800744238596375,False,Intervene due to high lanes
157508590,0.30769137981383204,False,Intervene due to high lanes
290794347,0.27070238755510956,False,Intervene due to high lanes
28833618,0.5046238848812489,False,Intervene due to high lanes
23976154,0.31365100168203836,False,Intervene due to high lanes
639286550,0.20604749735887287,False,Intervene due to high lanes
117892485,0.3861463530673934,False,Intervene due to high lanes
28063499,0.6258932889064981,True,Intervene due to high lanes
38363414,0.3499847760934085,False,Intervene due to high lanes
556852184,0.4400310357238496,False,Intervene due to high lanes
340081624,0.20209865424502005,False,Intervene due to high lanes
4357042,0.21776339492972538,False,Intervene due to high lanes
824717249,0.274907704609618,False,Intervene due to high lanes
28296718,0.22092711671147708,False,Intervene due to high lanes
887866209,0.22227236521120136,False,Intervene due to high lanes
218689672,0.21112262455625636,False,Intervene due to high lanes
106522339,0.2691288373154563,False,Intervene due to high lanes
4935813,0.3337034702955631,False,Intervene due to high lanes
23959201,0.6219117722427446,False,Intervene due to high lanes
320478659,0.2121909637277557,False,Intervene due to high lanes
36077386,0.25601976633577916,False,Intervene due to high lanes
164906835,0.7161743201388482,True,Intervene due to high lanes
64977572,0.2538935956631036,False,Intervene due to high lanes
36983709,0.20731721217899238,False,Intervene due to high lanes
154516680,0.20750559593919182,False,Intervene due to high lanes
165278162,0.21458417652860035,False,Intervene due to high lanes
48115051,0.22082246111235246,False,Intervene due to high lanes
555235462,0.22699777704531945,False,Intervene due to high lanes
316442748,0.2305048834098843,False,Intervene due to high lanes
563380806,0.533507524959714,False,Intervene due to high segment_width
389006906,0.210486246579122,False,Intervene due to high lanes
56659469,0.26282843693331803,False,Intervene due to high lanes
102644000,0.21147914943403853,False,Intervene due to high lanes
229686836,0.6750319590248446,True,Intervene due to high mean_curvature
28341622,0.4479150027914035,False,Intervene due to high lanes
43313787,0.6139901151354369,False,Intervene due to high lanes
93819227,0.2444457458090094,False,Intervene due to high lanes
855632867,0.744658610973603,True,Intervene due to high lanes
560428378,0.8509605116928578,True,Intervene due to high lanes
246746767,0.2226016625739763,False,Intervene due to high lanes
297410934,0.21779869959531264,False,Intervene due to high lanes
53309957,0.21630588487880495,False,Intervene due to high lanes
98430126,0.2581675469915075,False,Intervene due to high lanes
25776002,0.20933420842202605,False,Intervene due to high lanes
471355614,0.32989656770079107,False,Intervene due to high lanes
53728427,0.43607515590597723,False,Intervene due to high lanes
31131639,0.45842894672037654,False,Intervene due to high mean_curvature
364060598,0.2934933209119238,False,Intervene due to high lanes
174726550,0.22558558578708207,False,Intervene due to high lanes
154271433,0.20723896335322764,False,Intervene due to high lanes
237448564,0.5657614814328868,False,Intervene due to high lanes
170096380,0.40192820023957665,False,Intervene due to high lanes
149843782,0.3083469815288343,False,Intervene due to high lanes
1015247355,0.35298815577689924,False,Intervene due to high lanes
28788771,0.25055413984886205,False,Intervene due to high lanes
4794394,0.23984926166513232,False,Intervene due to high lanes
28531652,0.2316104457027257,False,Intervene due to high lanes
152843425,0.21388878867583533,False,Intervene due to high lanes
620730423,0.2522417501767745,False,Intervene due to high lanes
661151779,0.6528820507272294,True,Intervene due to high mean_curvature
103277317,0.21674787279589594,False,Intervene due to high lanes
25653893,0.7089525064827412,True,Intervene due to high lanes
108398742,0.6683428460820956,True,Intervene due to high lanes
384278394,0.2105962039633977,False,Intervene due to high lanes
226363213,0.24173211496713942,False,Intervene due to high lanes
52252195,0.2477702538426357,False,Intervene due to high lanes
172525197,0.2638470564456055,False,Intervene due to high lanes
16852930,0.21201681798284394,False,Intervene due to high lanes
4372918,0.2299327769925642,False,Intervene due to high lanes
184104933,0.2211625014399535,False,Intervene due to high lanes
908051871,0.5480093820513764,False,Intervene due to high mean_curvature
692110980,0.22116071894428807,False,Intervene due to high lanes
47244775,0.033193569690688166,False,Intervene due to high segment_width
57847575,0.21845454768880476,False,Intervene due to high lanes
80729012,0.3328126111705355,False,Intervene due to high lanes
75612286,0.5127866043843825,False,Intervene due to high lanes
79143073,0.23949330464722424,False,Intervene due to high lanes
560915405,0.25207521366448415,False,Intervene due to high lanes
199028571,0.22301849400578674,False,Intervene due to high lanes
588420890,0.20851347209363807,False,Intervene due to high lanes
109201321,0.2890202693091835,False,Intervene due to high lanes
28104114,0.2748015126863631,False,Intervene due to high lanes
389124570,0.3426639214129001,False,Intervene due to high lanes
1344564680,0.2228363125475058,False,Intervene due to high lanes
219896536,0.10845047215076267,False,Intervene due to high mean_curvature
245271328,0.22311712216156468,False,Intervene due to high lanes
153136158,0.20600464076306027,False,Intervene due to high lanes
112964308,0.2106665636610862,False,Intervene due to high lanes
664980582,0.2687051877676734,False,Intervene due to high lanes
129283926,0.2625763534300328,False,Intervene due to high lanes
90967359,0.328996703669289,False,Intervene due to high lanes
1364228811,0.24793616260406628,False,Intervene due to high lanes
5067172,0.28052013164801415,False,Intervene due to high lanes
692493532,0.22760802903123795,False,Intervene due to high lanes
150874613,0.23334227007488406,False,Intervene due to high lanes
158630864,0.6244881535768955,True,Intervene due to high lanes
4948197,0.21460622285731581,False,Intervene due to high lanes
28535463,0.2326326736499163,False,Intervene due to high lanes
23489197,0.4173838538526763,False,Intervene due to high lanes
867866302,0.3421578354336732,False,Intervene due to high lanes
28956724,0.3621395176848047,False,Intervene due to high lanes
28375814,0.27986584448694984,False,Intervene due to high lanes
28854022,0.22423720331268987,False,Intervene due to high lanes
99453576,0.25619974896121017,False,Intervene due to high lanes
1078181380,0.2149374669240319,False,Intervene due to high lanes
194060239,0.26390009679151233,False,Intervene due to high lanes
4943114,0.2251380526482725,False,Intervene due to high lanes
157386148,0.2643988276769049,False,Intervene due to high lanes
27751246,0.21729523452635766,False,Intervene due to high lanes
274202207,0.25328279635315776,False,Intervene due to high lanes
25937030,0.722870242367137,True,Intervene due to high lanes
51996833,0.27156458652300886,False,Intervene due to high lanes
922436204,0.24271432742434557,False,Intervene due to high lanes
142228440,0.22858588431415297,False,Intervene due to high lanes
28321133,0.22027181642660845,False,Intervene due to high lanes
47108201,0.26041254426103616,False,Intervene due to high lanes
206474865,0.2061983621080221,False,Intervene due to high lanes
53728472,0.21638984261640135,False,Intervene due to high lanes
78136501,0.22915689125430666,False,Intervene due to high lanes
118251175,0.3150803801819214,False,Intervene due to high lanes
36495831,0.2716982499341908,False,Intervene due to high lanes
152843298,0.25229005887133904,False,Intervene due to high lanes
247777159,0.2934244494511585,False,Intervene due to high lanes
110390569,0.3487830216659161,False,Intervene due to high lanes
41802911,0.22295036996455192,False,Intervene due to high lanes
154520875,0.20533396237438592,False,Intervene due to high lanes
1288106036,0.22251486965252731,False,Intervene due to high lanes
118535170,0.2363680237098189,False,Intervene due to high lanes
43449056,0.20694344228516479,False,Intervene due to high lanes
405582505,0.3627944034262909,False,Intervene due to high lanes
109037239,0.08728477590401622,False,Intervene due to high segment_width
30705201,0.26621453805906176,False,Intervene due to high lanes
96383808,0.7687309820060593,True,Intervene due to high lanes
37729738,0.2543476192803967,False,Intervene due to high lanes
107030067,0.24428475568862112,False,Intervene due to high lanes
2679610,0.660374649869687,True,Intervene due to high lanes
544227906,0.24069867585488822,False,Intervene due to high lanes
125571011,0.249111234777742,False,Intervene due to high lanes
28422653,0.21131308408610824,False,Intervene due to high lanes
319768659,0.2360523907833888,False,Intervene due to high lanes
4970567,0.2826450698443382,False,Intervene due to high lanes
28296729,0.23397482298974995,False,Intervene due to high lanes
186255468,0.24643351369091604,False,Intervene due to high lanes
4794370,0.22638899854673086,False,Intervene due to high lanes
259050024,1.1082859755613588,True,Intervene due to high lanes
43323900,0.31338384430523536,False,Intervene due to high lanes
455553996,0.6513500006141666,True,Intervene due to high lanes
48811097,0.2557367352712757,False,Intervene due to high lanes
1291050586,0.22546527832398178,False,Intervene due to high lanes
908997429,0.009100084876345074,False,Intervene due to high mean_curvature
233576853,0.2075663504453512,False,Intervene due to high lanes
23520512,0.2209027662838163,False,Intervene due to high lanes
161964181,0.220281210591181,False,Intervene due to high lanes
27276449,0.23773446784505,False,Intervene due to high lanes
921326553,0.20834082512058433,False,Intervene due to high lanes
23518792,0.28335712414356024,False,Intervene due to high lanes
911226737,0.31506880989848945,False,Intervene due to high lanes
28312347,0.2449738932081709,False,Intervene due to high lanes
686558017,0.21794765538655436,False,Intervene due to high lanes
206474849,0.2036990633506739,False,Intervene due to high lanes
4990014,0.2250623950768591,False,Intervene due to high lanes
1017404592,0.20417704001987683,False,Intervene due to high lanes
94507662,0.3091012157822725,False,Intervene due to high lanes
32834724,0.22642660578091311,False,Intervene due to high lanes
762983076,0.3254212483566336,False,Intervene due to high lanes
88521252,0.2994700137507848,False,Intervene due to high lanes
133117359,0.20386802704972268,False,Intervene due to high lanes
165193727,0.20702279593958187,False,Intervene due to high lanes
28817564,0.7029067162190783,True,Intervene due to high lanes
337410401,0.21050064147622158,False,Intervene due to high lanes
170314091,0.21118581190642285,False,Intervene due to high lanes
550428767,0.21178510157960265,False,Intervene due to high lanes
229319847,0.22988327012075982,False,Intervene due to high lanes
23004631,0.24706743580313226,False,Intervene due to high lanes
564504389,0.2287812475291015,False,Intervene due to high lanes
91661834,0.32772122894783107,False,Intervene due to high lanes
239063465,0.2202156247262505,False,Intervene due to high lanes
530040094,0.24839673141230587,False,Intervene due to high lanes
247340762,0.2909235174843655,False,Intervene due to high lanes
46872232,0.21827766271132562,False,Intervene due to high lanes
124006450,0.21566626022628288,False,Intervene due to high lanes
1353194532,0.21627866170899632,False,Intervene due to high lanes
28260672,0.2502951632503355,False,Intervene due to high lanes
530281038,0.20723572696305229,False,Intervene due to high lanes
32687155,0.24926768146425204,False,Intervene due to high lanes
836159854,0.26034198162554817,False,Intervene due to high lanes
334814826,0.2111620305951899,False,Intervene due to high lanes
55269214,0.21830417948401193,False,Intervene due to high lanes
29336099,0.7617019033590671,True,Intervene due to high lanes
153136133,0.2658795303720698,False,Intervene due to high lanes
31009925,0.24340064254563215,False,Intervene due to high lanes
23172010,0.3484663329975175,False,Intervene due to high lanes
166490681,0.25383548219260943,False,Intervene due to high lanes
24636322,0.2739997647613417,False,Intervene due to high lanes
630175329,0.23966970328365447,False,Intervene due to high lanes
171980879,0.21919731555156585,False,Intervene due to high lanes
25612872,0.21729366056005417,False,Intervene due to high lanes
248442790,0.2152095757853786,False,Intervene due to high lanes
4794436,0.2661124279218366,False,Intervene due to high lanes
80731825,0.26141678708287663,False,Intervene due to high lanes
157554424,0.2027431064993613,False,Intervene due to high lanes
37334825,0.22568816510003306,False,Intervene due to high lanes
4960406,0.706257386434024,True,Intervene due to high lanes
45652152,0.3015739449346898,False,Intervene due to high lanes
28316152,0.22719069084266572,False,Intervene due to high lanes
207272564,0.2611397544494877,False,Intervene due to high lanes
245824782,0.2572430236261657,False,Intervene due to high lanes
25800032,0.22085150845348808,False,Intervene due to high lanes
151324871,0.20285715104407742,False,Intervene due to high lanes
485773059,0.2438736632196537,False,Intervene due to high lanes
4896142,0.47643776988914016,False,Intervene due to high lanes
674668140,0.6493731034137914,True,Intervene due to high lanes
1123799169,0.22073870827530523,False,Intervene due to high lanes
49040124,0.2827331551652382,False,Intervene due to high lanes
18329100,0.7236744701918288,True,Intervene due to high lanes
23519796,0.23529335064698956,False,Intervene due to high lanes
194245163,0.2208783586700738,False,Intervene due to high lanes
27905622,0.29724645568124053,False,Intervene due to high lanes
59471366,0.9166388754742484,True,Intervene due to high mean_curvature
887866211,0.25378137749370905,False,Intervene due to high lanes
251446498,0.24246006050454907,False,Intervene due to high lanes
29339571,0.2960587432937102,False,Intervene due to high lanes
1061169996,0.23845754474874215,False,Intervene due to high lanes
4270604,0.21890917700234705,False,Intervene due to high lanes
620642399,0.28001844984602436,False,Intervene due to high lanes
24375212,0.22938391756487853,False,Intervene due to high lanes
10587290,0.8229085842642778,True,Intervene due to high lanes
160452789,0.21479021513454913,False,Intervene due to high lanes
104660762,0.23153308144384546,False,Intervene due to high lanes
1190057624,0.32039728040704196,False,Intervene due to high lanes
23961512,0.7536784627904733,True,Intervene due to high mean_curvature
98461318,0.21715477776276826,False,Intervene due to high lanes
53144589,0.2371926247997472,False,Intervene due to high lanes
99453423,0.3256212865392319,False,Intervene due to high lanes
13845345,0.20767843405796316,False,Intervene due to high lanes
127522020,0.2331295570638685,False,Intervene due to high lanes
95484714,0.7442592459889439,True,Intervene due to high lanes
105702256,0.2923609960842455,False,Intervene due to high lanes
149848410,0.05851914745119664,False,Intervene due to high mean_curvature
144905294,0.2166051243774054,False,Intervene due to high lanes
23213762,0.706865542149363,True,Intervene due to high lanes
106212239,0.2638061113070415,False,Intervene due to high lanes
127134136,0.27253361381232194,False,Intervene due to high lanes
368461882,0.6913219670986445,True,Intervene due to high lanes
680843931,0.31352517953539916,False,Intervene due to high lanes
104373669,0.23121051875596393,False,Intervene due to high lanes
23961567,0.6320504138865022,True,Intervene due to high lanes
27906261,0.6794460420240817,True,Intervene due to high lanes
116426162,0.26012985526454835,False,Intervene due to high lanes
132397229,0.029467652673585476,False,Intervene due to high segment_width
56197677,0.22166544803885044,False,Intervene due to high lanes
166219968,0.22086016674181141,False,Intervene due to high lanes
246729116,0.2235840956801853,False,Intervene due to high lanes
4970426,0.2774993592512565,False,Intervene due to high lanes
90967351,0.5826564482700048,False,Intervene due to high segment_width
593153959,0.2779383201518474,False,Intervene due to high lanes
108110343,0.2506758730418049,False,Intervene due to high lanes
106768827,0.6842717910622446,True,Intervene due to high lanes
142871867,0.25506338270419826,False,Intervene due to high lanes
153751844,0.22789977491199187,False,Intervene due to high lanes
348821523,0.29123864469498983,False,Intervene due to high lanes
106393064,0.20677578186028836,False,Intervene due to high lanes
23087112,0.25269271035733903,False,Intervene due to high lanes
912288621,0.23545662681109558,False,Intervene due to high lanes
46990641,0.421615562658524,False,Intervene due to high lanes
124826624,0.1119930457696277,False,Intervene due to high segment_width
166189567,0.2426955607508179,False,Intervene due to high lanes
246788025,0.2740869670802674,False,Intervene due to high lanes
79143071,0.231854564026102,False,Intervene due to high lanes
51125781,0.2892684713715703,False,Intervene due to high lanes
28741520,0.37155097779422747,False,Intervene due to high lanes
88617173,0.6444164411717644,True,Intervene due to high lanes
1154967595,0.6474833694540686,True,Intervene due to high lanes
28812119,0.23449989195970633,False,Intervene due to high lanes
24204934,0.29703041821185827,False,Intervene due to high lanes
243498720,0.27668073110214486,False,Intervene due to high lanes
389124437,0.21532303648629678,False,Intervene due to high lanes
114943205,0.2267122715781362,False,Intervene due to high lanes
108706525,0.367412068894174,False,Intervene due to high lanes
46715617,0.2231773986878692,False,Intervene due to high lanes
56872246,0.34821729329193407,False,Intervene due to high lanes
907198460,0.2592794825146161,False,Intervene due to high lanes
4813922,0.38408486302493383,False,Intervene due to high lanes
859189065,0.2706381574922625,False,Intervene due to high lanes
222917340,0.22055818717822792,False,Intervene due to high lanes
190596438,0.7296355187466739,True,Intervene due to high mean_curvature
6059794,0.394391453335061,False,Intervene due to high lanes
23961412,0.2106927265992616,False,Intervene due to high lanes
28933168,0.10643040927600411,False,Intervene due to high segment_width
903548620,0.21876071131318803,False,Intervene due to high lanes
99210252,0.2291638769694273,False,Intervene due to high lanes
23961659,0.2478538848356695,False,Intervene due to high lanes
2679609,0.653981372325414,True,Intervene due to high lanes
31303886,0.22844001847395257,False,Intervene due to high lanes
42759920,0.24435452714415148,False,Intervene due to high lanes
4277150,0.30881778225217543,False,Intervene due to high lanes
23949677,0.2796543005712672,False,Intervene due to high lanes
47094136,0.3031195696199124,False,Intervene due to high lanes
203433923,0.2175521536223596,False,Intervene due to high lanes
30077625,0.2866314007641505,False,Intervene due to high lanes
54927938,0.24028989280024965,False,Intervene due to high lanes
866621022,0.2202542682281856,False,Intervene due to high lanes
586653093,0.22183778365545426,False,Intervene due to high lanes
207272563,0.29277425386347494,False,Intervene due to high lanes
324469119,0.20748364296441907,False,Intervene due to high lanes
83005204,0.2861354242839907,False,Intervene due to high lanes
47414598,0.8380200291323681,True,Intervene due to high lanes
159664741,0.2897954492061145,False,Intervene due to high lanes
83020113,0.3474662819688945,False,Intervene due to high lanes
342896064,0.23977020098601892,False,Intervene due to high lanes
4948651,0.24227128586440938,False,Intervene due to high lanes
622275194,0.35801744038536026,False,Intervene due to high lanes
169542555,0.2751366597747552,False,Intervene due to high lanes
791215986,0.7519245097906709,True,Intervene due to high lanes
23213934,0.369092596749549,False,Intervene due to high lanes
109729822,0.28497809409994496,False,Intervene due to high lanes
89463488,0.27189335036526907,False,Intervene due to high lanes
29369627,0.24136296420134318,False,Intervene due to high lanes
152947843,0.2070314993304071,False,Intervene due to high lanes
13845243,0.9105962712264987,True,Intervene due to high lanes
245824798,0.22035048960463188,False,Intervene due to high lanes
153147575,0.2138275222519597,False,Intervene due to high lanes
104091025,0.2978242518941262,False,Intervene due to high lanes
167433014,0.2710659157381783,False,Intervene due to high lanes
88191120,0.2659404985891242,False,Intervene due to high lanes
4928819,0.254630911021183,False,Intervene due to high lanes
53309220,0.21408263542881803,False,Intervene due to high lanes
396411283,0.24528787018889506,False,Intervene due to high lanes
1320022131,0.3028134125800602,False,Intervene due to high lanes
4910954,0.22518631894288263,False,Intervene due to high lanes
23949741,0.6849300610638963,True,Intervene due to high lanes
1291907136,0.22763210744991635,False,Intervene due to high lanes
112703219,0.3559064906672068,False,Intervene due to high lanes
18578523,0.20691392070814343,False,Intervene due to high lanes
142225508,0.22306390145071112,False,Intervene due to high lanes
53309255,0.22071297411087537,False,Intervene due to high lanes
97521822,0.20454815044134336,False,Intervene due to high lanes
110167512,0.21188582625543728,False,Intervene due to high lanes
361824458,0.27115365407781417,False,Intervene due to high lanes
247465139,0.2885112487734645,False,Intervene due to high lanes
55510069,1.053777752856961,True,Intervene due to high lanes
5172516,0.21065020915788726,False,Intervene due to high lanes
54233873,0.6621366074202957,True,Intervene due to high lanes
29369541,0.05361736755498968,False,Intervene due to high segment_width
263319788,0.21633874540437495,False,Intervene due to high lanes
25800034,0.2944072458313178,False,Intervene due to high lanes
124469938,0.6117196377620427,False,Intervene due to high lanes
55334443,0.23158763734303364,False,Intervene due to high lanes
114649489,0.20334299647021042,False,Intervene due to high lanes
28908326,0.20877458028110774,False,Intervene due to high lanes
56095992,0.20478340424905697,False,Intervene due to high lanes
269944852,0.3713408885182372,False,Intervene due to high lanes
230545603,0.612056314050927,False,Intervene due to high lanes
98123577,0.21106005339790662,False,Intervene due to high lanes
444682435,0.26351598972175505,False,Intervene due to high lanes
38572319,0.22268114030311156,False,Intervene due to high lanes
82698668,0.2916950137118692,False,Intervene due to high lanes
36759381,0.27009971518044523,False,Intervene due to high lanes
33278524,0.23984557999546524,False,Intervene due to high lanes
98839907,0.24324213812520648,False,Intervene due to high lanes
38569953,0.20921779654638795,False,Intervene due to high segment_width
1301675273,0.24149572861722954,False,Intervene due to high lanes
383905206,0.2822395201066872,False,Intervene due to high lanes
906374689,0.6397110287732242,True,Intervene due to high lanes
639286550,0.20604749735887287,False,Intervene due to high lanes
556777689,0.6456956841589961,True,Intervene due to high lanes
105866067,0.211330132478487,False,Intervene due to high lanes
76158294,0.46646338226648826,False,Intervene due to high lanes
29840348,0.2279150801247002,False,Intervene due to high lanes
243879781,0.275418894586722,False,Intervene due to high lanes
152830383,0.24619835532930373,False,Intervene due to high lanes
102925202,0.26039884109844746,False,Intervene due to high lanes
5073937,0.36578515792504424,False,Intervene due to high lanes
183111742,0.6749851444652375,True,Intervene due to high lanes
229354573,0.32846379500107653,False,Intervene due to high lanes
47061858,0.22308919271601502,False,Intervene due to high lanes
246666110,0.23964218064851928,False,Intervene due to high lanes
948221295,0.27467222116345036,False,Intervene due to high lanes
166903528,0.24306098789544836,False,Intervene due to high lanes
28341482,0.2842689348072857,False,Intervene due to high lanes
31406520,0.20549958755091674,False,Intervene due to high lanes
23921366,1.22012866689877,True,Intervene due to high lanes
4302981,0.20759331927873606,False,Intervene due to high lanes
49426091,0.21984051010351852,False,Intervene due to high lanes
336769860,0.2512766435996497,False,Intervene due to high lanes
108227172,0.6204590223775527,False,Intervene due to high lanes
125117826,0.340695496816747,False,Intervene due to high lanes
55688276,0.2831650018112081,False,Intervene due to high lanes
48995065,0.6314976658091146,True,Intervene due to high lanes
373748555,0.24491319618746776,False,Intervene due to high lanes
47402473,0.6794471488768595,True,Intervene due to high lanes
114813863,0.6655921223865772,True,Intervene due to high lanes
4709154,0.45473404204461787,False,Intervene due to high lanes
170245270,0.2682398541024488,False,Intervene due to high lanes
27926548,0.6580185758514129,True,Intervene due to high lanes
1107307400,0.640056831963407,True,Intervene due to high mean_curvature
976910580,0.21705451439342915,False,Intervene due to high lanes
301760209,0.22935987219381151,False,Intervene due to high lanes
29369536,0.3812872597179387,False,Intervene due to high lanes
24620627,0.2631532720936572,False,Intervene due to high lanes
183110639,0.2738531464259182,False,Intervene due to high lanes
591962064,0.34601283732050636,False,Intervene due to high lanes
153736547,0.28123960794350655,False,Intervene due to high lanes
27299476,0.2965400308555241,False,Intervene due to high lanes
339191446,0.2126838184597364,False,Intervene due to high lanes
75533431,0.23363573227551895,False,Intervene due to high lanes
849739467,0.20342962118563848,False,Intervene due to high lanes
827101979,1.179358261210017,True,Intervene due to high lanes
673840441,0.2088382086618482,False,Intervene due to high lanes
4483518,0.6586218695537885,True,Intervene due to high lanes
170214416,0.21771239103859938,False,Intervene due to high lanes
4990114,0.6774203709936942,True,Intervene due to high lanes
52016331,0.255046687666533,False,Intervene due to high lanes
4864466,0.2203814268456941,False,Intervene due to high lanes
91583574,0.35360097477669494,False,Intervene due to high lanes
740856808,0.25033687197655297,False,Intervene due to high lanes
28874254,0.25674592138483493,False,Intervene due to high lanes
34754315,0.6309698296837367,True,Intervene due to high lanes
513354004,0.23536419308857254,False,Intervene due to high lanes
13752595,0.22966512401711364,False,Intervene due to high lanes
789925251,0.2500433159100063,False,Intervene due to high lanes
455483996,0.8001971677970959,True,Intervene due to high lanes
3573993,0.3263251258344479,False,Intervene due to high lanes
25776055,0.21934348108045315,False,Intervene due to high lanes
311151526,0.6790355144506564,True,Intervene due to high lanes
242185816,0.2057317753653934,False,Intervene due to high lanes
28341298,0.27459142468817943,False,Intervene due to high lanes
151460763,0.21406750537673075,False,Intervene due to high lanes
721696097,0.22164656615717054,False,Intervene due to high lanes
4372939,0.0197113025122582,False,Intervene due to high mean_curvature
114444358,0.6353099440900997,True,Intervene due to high lanes
98102474,0.25357935342576443,False,Intervene due to high lanes
109756027,0.4065583278159911,False,Intervene due to high lanes
45179937,0.27729647687584447,False,Intervene due to high lanes
23927299,0.25568178800823405,False,Intervene due to high lanes
391856984,0.27339093360255384,False,Intervene due to high lanes
27299116,0.6745957015313007,True,Intervene due to high mean_curvature
27034714,0.6719651535913773,True,Intervene due to high lanes
27421977,0.263396246852168,False,Intervene due to high lanes
824409135,0.21681906638045753,False,Intervene due to high lanes
153147602,0.21316808509340787,False,Intervene due to high lanes
28472322,0.6634704907305798,True,Intervene due to high lanes
25776155,0.45172691238948803,False,Intervene due to high mean_curvature
29100808,0.2383673293671169,False,Intervene due to high lanes
179079135,0.27337046000664006,False,Intervene due to high lanes
104625957,0.5357518127594771,False,Intervene due to high mean_curvature
170174838,0.22776641363504663,False,Intervene due to high lanes
303418230,0.26217618753357685,False,Intervene due to high lanes
544331561,0.36587642336453746,False,Intervene due to high lanes
50815080,0.2770853215448214,False,Intervene due to high lanes
99339649,0.21485033373027648,False,Intervene due to high lanes
53397092,0.28271691581759867,False,Intervene due to high lanes
863256907,0.2775694628926796,False,Intervene due to high lanes
53309255,0.22071297411087537,False,Intervene due to high lanes
172917568,0.23109618483789404,False,Intervene due to high lanes
908667377,0.24925184884545418,False,Intervene due to high lanes
1059031389,0.23563597440009867,False,Intervene due to high lanes
117996488,0.21025938631569874,False,Intervene due to high lanes
124180466,0.21933592109106356,False,Intervene due to high lanes
908035864,0.227703778105029,False,Intervene due to high lanes
559948201,0.2771961349496819,False,Intervene due to high lanes
892600481,0.5935831966370738,False,Intervene due to high segment_width
102309160,0.21828854995365823,False,Intervene due to high lanes
98123767,0.2047792864941812,False,Intervene due to high lanes
309649480,0.24167852110193105,False,Intervene due to high lanes
30328381,0.29708206957326183,False,Intervene due to high lanes
4893540,0.28616885664766806,False,Intervene due to high lanes
53764419,0.22763311469159653,False,Intervene due to high lanes
56461782,0.28391838088479016,False,Intervene due to high lanes
98737792,0.2176035098871493,False,Intervene due to high lanes
221302166,0.25282461572897624,False,Intervene due to high lanes
43449057,0.20650163711341352,False,Intervene due to high lanes
142815162,0.2290921598546061,False,Intervene due to high lanes
95783372,0.07555295330633899,False,Intervene due to high segment_width
30411912,0.2488628152774232,False,Intervene due to high lanes
98683744,0.34275859911530177,False,Intervene due to high lanes
570205217,0.22274446907569698,False,Intervene due to high lanes
238072265,0.2569609377412328,False,Intervene due to high lanes
355386446,0.2769159080917265,False,Intervene due to high lanes
32836879,0.25183621410930157,False,Intervene due to high lanes
486279167,0.305263261786775,False,Intervene due to high lanes
1059058003,0.21922563591165628,False,Intervene due to high lanes
42530164,0.3068648721491262,False,Intervene due to high lanes
92787403,0.2682962832791943,False,Intervene due to high lanes
104432199,0.6398404460900002,True,Intervene due to high lanes
880247497,0.2060837498763709,False,Intervene due to high lanes
97936211,0.6155234737511328,False,Intervene due to high lanes
135066146,0.24511698206653715,False,Intervene due to high lanes
42274752,0.6657242748132575,True,Intervene due to high lanes
20516599,0.2839283328502487,False,Intervene due to high lanes
111486703,0.2119524273329336,False,Intervene due to high lanes
112953880,0.2110326629684985,False,Intervene due to high lanes
343547555,0.21363831755436713,False,Intervene due to high lanes
53309190,0.2480502317246919,False,Intervene due to high lanes
71936818,0.24176959296202138,False,Intervene due to high lanes
4263573,0.2481245174065262,False,Intervene due to high lanes
30565248,0.25540713449818986,False,Intervene due to high lanes
4357049,0.34138522151066925,False,Intervene due to high lanes
100222868,0.6739186998379595,True,Intervene due to high lanes
344925068,0.23013188595847178,False,Intervene due to high lanes
543586633,0.13372783211330053,False,Intervene due to high mean_curvature
974994534,0.21087341566185286,False,Intervene due to high lanes
72472581,0.3816586566453023,False,Intervene due to high lanes
7971852,0.2145594212416649,False,Intervene due to high lanes
670345762,0.2431419680918501,False,Intervene due to high lanes
79301610,0.30984552287542155,False,Intervene due to high lanes
1121558255,0.23021496504514583,False,Intervene due to high lanes
246354005,0.21347703725107725,False,Intervene due to high lanes
715837088,0.21034129459922157,False,Intervene due to high lanes
682228595,0.21196408514152157,False,Intervene due to high lanes
494337715,0.2310731140787876,False,Intervene due to high lanes
28996747,0.23735845503641068,False,Intervene due to high lanes
30328426,0.2984314923077272,False,Intervene due to high lanes
105561196,0.2984482616520954,False,Intervene due to high lanes
53844080,0.2540971433144298,False,Intervene due to high mean_curvature
317318138,0.2889456168620989,False,Intervene due to high lanes
46887056,0.22949494530162554,False,Intervene due to high lanes
25862680,0.26639721818381795,False,Intervene due to high lanes
55806183,0.2183571684886312,False,Intervene due to high lanes
112499237,0.21073977912047664,False,Intervene due to high lanes
1390769262,0.24975351300833076,False,Intervene due to high lanes
47108001,0.23439600794938334,False,Intervene due to high lanes
29451510,0.2257867990788251,False,Intervene due to high lanes
23172186,0.289786517106721,False,Intervene due to high lanes
144484202,0.2660051921281732,False,Intervene due to high lanes
1343674544,0.2190609273035188,False,Intervene due to high lanes
338372697,0.30961194131365843,False,Intervene due to high lanes
275712981,0.22259283317602704,False,Intervene due to high lanes
150602882,0.2557015060131688,False,Intervene due to high lanes
186593866,0.21858240732973502,False,Intervene due to high lanes
1022506651,0.20935496572874265,False,Intervene due to high lanes
11625686,0.20975532962884988,False,Intervene due to high lanes
27753151,0.7664488796090183,True,Intervene due to high lanes
570844294,0.23652643622625596,False,Intervene due to high lanes
11436992,0.4501023414477363,False,Intervene due to high segment_width
50612573,0.6300796882719115,True,Intervene due to high lanes
206667349,0.21182923805992904,False,Intervene due to high lanes
723678785,0.2730181409528594,False,Intervene due to high lanes
141922197,0.21087236061426862,False,Intervene due to high lanes
1017404625,0.2503749582810347,False,Intervene due to high lanes
116310102,0.23769574059797222,False,Intervene due to high lanes
23518788,0.3401020879588035,False,Intervene due to high lanes
59260201,0.3449362784813191,False,Intervene due to high lanes
556482013,0.22796593135146653,False,Intervene due to high lanes
1369600138,0.27801644460053293,False,Intervene due to high lanes
153735565,0.23666099734563842,False,Intervene due to high lanes
95378308,0.2210375982352337,False,Intervene due to high lanes
116305152,0.3007992635519403,False,Intervene due to high lanes
124166490,0.2224854207324684,False,Intervene due to high lanes
921165989,0.20946832931405754,False,Intervene due to high lanes
28322905,0.3174706817197086,False,Intervene due to high lanes
836159854,0.26034198162554817,False,Intervene due to high lanes
1079803308,0.2896233304503019,False,Intervene due to high lanes
41443647,0.2468471309982466,False,Intervene due to high lanes
7980946,0.43867404330704185,False,Intervene due to high lanes
8426141,0.307444234588522,False,Intervene due to high lanes
32834747,0.21732910484026993,False,Intervene due to high lanes
158880872,0.4477753249476863,False,Intervene due to high lanes
190380770,0.27412184327980504,False,Intervene due to high lanes
550903150,0.23601503378675764,False,Intervene due to high lanes
5235848,0.28440510175649436,False,Intervene due to high lanes
273536976,0.21202220446566555,False,Intervene due to high lanes
33973931,0.6306925570532385,True,Intervene due to high lanes
39160971,0.30515178785398434,False,Intervene due to high lanes
246869356,0.22870605604734362,False,Intervene due to high lanes
142814884,0.6678107117929591,True,Intervene due to high lanes
149583259,0.24736858830841035,False,Intervene due to high lanes
4947832,0.6323179330915023,True,Intervene due to high lanes
28312329,0.3352039976097432,False,Intervene due to high lanes
28531650,0.4306546102776754,False,Intervene due to high lanes
24224171,0.2837062957755652,False,Intervene due to high lanes
682906525,0.28554169799953644,False,Intervene due to high lanes
56826635,0.21758855082183198,False,Intervene due to high lanes
80677211,0.30076395053483285,False,Intervene due to high lanes
587353903,0.2263912988321348,False,Intervene due to high lanes
158030064,0.2075118166475019,False,Intervene due to high lanes
357048138,0.8034286342993889,True,Intervene due to high lanes
4243613,0.2675857576738134,False,Intervene due to high lanes
151460833,0.20357574939605694,False,Intervene due to high lanes
251433105,1.2725042921925351,True,Intervene due to high mean_curvature
157475875,0.20938207094279662,False,Intervene due to high lanes
101325103,0.22269713918888215,False,Intervene due to high lanes
713354191,0.27815750193143635,False,Intervene due to high lanes
886802457,0.3031826623535003,False,Intervene due to high lanes
1304505949,0.34285690869515417,False,Intervene due to high lanes
134381163,0.3190604490972645,False,Intervene due to high lanes
172100020,0.2256203520779273,False,Intervene due to high lanes
29493810,0.2905992554498539,False,Intervene due to high lanes
252993720,0.6893455807935205,True,Intervene due to high lanes
154078403,0.2090830377836931,False,Intervene due to high lanes
55824443,0.21188682301115486,False,Intervene due to high lanes
79175471,0.2114419340576038,False,Intervene due to high lanes
94080239,0.2477639574395835,False,Intervene due to high lanes
42408060,0.24066301508949717,False,Intervene due to high lanes
842173722,0.21318644017646396,False,Intervene due to high lanes
43323977,0.24746587756529909,False,Intervene due to high lanes
281840277,0.22469018660473633,False,Intervene due to high lanes
88790183,0.2802925402235691,False,Intervene due to high lanes
23949811,0.2456772884946668,False,Intervene due to high lanes
53309815,0.2161860474970497,False,Intervene due to high lanes
157490180,0.29008509474033767,False,Intervene due to high lanes
140195426,0.28106734884301166,False,Intervene due to high lanes
82173699,0.251584132325055,False,Intervene due to high lanes
180786797,0.21632372876317096,False,Intervene due to high lanes
1395884803,0.20935582795142713,False,Intervene due to high lanes
4893540,0.28616885664766806,False,Intervene due to high lanes
351436786,0.2095566455310979,False,Intervene due to high lanes
423519140,0.2978306812352696,False,Intervene due to high lanes
863483957,0.35032029655805674,False,Intervene due to high lanes
135629085,0.23328430114794263,False,Intervene due to high lanes
92512281,0.3081558854660395,False,Intervene due to high lanes
52977445,0.2939386226431141,False,Intervene due to high lanes
28738600,0.21531206686172535,False,Intervene due to high lanes
23519700,0.25792323906488396,False,Intervene due to high lanes
36952897,0.21875039349572226,False,Intervene due to high lanes
22770730,0.2182864474683587,False,Intervene due to high lanes
29451526,0.3676744592484379,False,Intervene due to high lanes
169686361,0.24430510590673168,False,Intervene due to high lanes
51339462,0.21623649356036187,False,Intervene due to high lanes
34403875,0.6327053273098172,True,Intervene due to high lanes
131355990,0.2968792719280974,False,Intervene due to high lanes
1254891492,0.2434178073816417,False,Intervene due to high lanes
52132459,0.7320624345598866,True,Intervene due to high lanes
158149166,0.6535245432567659,True,Intervene due to high lanes
198485701,0.2652477471270317,False,Intervene due to high lanes
39277068,0.23855213060743918,False,Intervene due to high lanes
7978474,0.7184056158985791,True,Intervene due to high lanes
98259719,0.2726582230061171,False,Intervene due to high lanes
28324280,0.33958628265031865,False,Intervene due to high lanes
124826156,0.3675858242842283,False,Intervene due to high lanes
170593001,0.20924518055382593,False,Intervene due to high lanes
157191812,0.27507539844874357,False,Intervene due to high lanes
439964384,0.222350808932693,False,Intervene due to high lanes
162565188,0.22548983330411645,False,Intervene due to high lanes
696234201,0.28634275533349407,False,Intervene due to high lanes
1121236786,0.2154044905745448,False,Intervene due to high lanes
23297574,0.8563575757648626,True,Intervene due to high mean_curvature
28773282,0.2258980663676891,False,Intervene due to high lanes
336769860,0.2512766435996497,False,Intervene due to high lanes
970786929,0.26317742419515566,False,Intervene due to high lanes
236957684,0.2673996422155329,False,Intervene due to high lanes
1180181184,0.21485782339827997,False,Intervene due to high lanes
664388147,0.2541739705679883,False,Intervene due to high lanes
630175317,0.21990343603074042,False,Intervene due to high lanes
46990639,0.3245708205804176,False,Intervene due to high lanes
33048853,0.23983460379854585,False,Intervene due to high lanes
1268189897,0.20637148899296603,False,Intervene due to high lanes
8294763,0.3756929466569019,False,Intervene due to high lanes
194238832,0.2870473617390117,False,Intervene due to high lanes
178321574,0.31275508260798834,False,Intervene due to high lanes
2679607,0.8562503448110819,True,Intervene due to high lanes
4361078,0.5637161443024821,False,Intervene due to high lanes
89993886,0.25714081255797333,False,Intervene due to high lanes
246802256,0.5104826782675712,False,Intervene due to high segment_width
55949422,0.5744377607109208,False,Intervene due to high lanes
259436897,0.5241534219989015,False,Intervene due to high segment_width
42272290,0.20405210041075186,False,Intervene due to high lanes
24247758,0.21592925360901935,False,Intervene due to high lanes
23649510,0.22768679016838406,False,Intervene due to high lanes
38860877,0.3199803965552927,False,Intervene due to high lanes
91900398,0.29345743929573453,False,Intervene due to high lanes
254467490,0.2609107986429195,False,Intervene due to high lanes
179463859,0.24312710771353177,False,Intervene due to high lanes
9222801,0.7624406918114643,True,Intervene due to high lanes
242185816,0.2057317753653934,False,Intervene due to high lanes
219864904,0.22796835718281194,False,Intervene due to high lanes
10852610,0.3014194787137168,False,Intervene due to high lanes
150868685,0.25748735979366466,False,Intervene due to high lanes
1235566347,0.3124271314587713,False,Intervene due to high lanes
49068526,0.2331336554822187,False,Intervene due to high lanes
331175318,0.20655942911445174,False,Intervene due to high lanes
23172177,0.23356266163517975,False,Intervene due to high lanes
561765490,0.32416427269549,False,Intervene due to high lanes
158171521,0.622848242814885,False,Intervene due to high lanes
246374519,0.24304593111132555,False,Intervene due to high lanes
936978147,0.30585774950152733,False,Intervene due to high lanes
692673236,0.20671409257019782,False,Intervene due to high lanes
27237976,0.25669353169123266,False,Intervene due to high lanes
48115059,0.2530858376958707,False,Intervene due to high lanes
99142680,0.15829005194383422,False,Intervene due to high mean_curvature
90799013,0.8303367610921835,True,Intervene due to high lanes
26599298,0.2997874454947856,False,Intervene due to high lanes
550853127,0.23035636244680752,False,Intervene due to high lanes
4302957,0.20947835909024556,False,Intervene due to high lanes
991822074,0.3033874932730948,False,Intervene due to high lanes
55527473,0.610047594933055,False,Intervene due to high lanes
1254891492,0.2434178073816417,False,Intervene due to high lanes
104656418,0.6558664311266573,True,Intervene due to high lanes
108351544,0.21457452640213065,False,Intervene due to high lanes
53309173,0.21697911046253945,False,Intervene due to high lanes
47402478,0.22137131168141372,False,Intervene due to high lanes
1068670943,0.43916512394155044,False,Intervene due to high lanes
95344666,0.2568737712903891,False,Intervene due to high lanes
166219964,0.2172891733348663,False,Intervene due to high lanes
229485088,0.2605092174020117,False,Intervene due to high lanes
28441556,0.28708009453594496,False,Intervene due to high lanes
80676892,0.2622263613629473,False,Intervene due to high lanes
95783377,0.2267618698891447,False,Intervene due to high lanes
981658075,0.20874417171717696,False,Intervene due to high lanes
844761247,0.2612580126529251,False,Intervene due to high lanes
73955302,0.33416807642390844,False,Intervene due to high lanes
31406903,0.2810029752548912,False,Intervene due to high lanes
28503068,0.3103169349855079,False,Intervene due to high lanes
26948964,0.25602793026078263,False,Intervene due to high lanes
56002402,0.21336025420083232,False,Intervene due to high lanes
180345594,0.23841194328742632,False,Intervene due to high lanes
1326465508,0.22666326454533187,False,Intervene due to high lanes
641919099,0.2187016181156997,False,Intervene due to high lanes
16853495,0.2593462164153718,False,Intervene due to high lanes
99204002,0.25868192291021475,False,Intervene due to high lanes
4794437,0.219635699866349,False,Intervene due to high lanes
4243928,0.21966526544833545,False,Intervene due to high lanes
4308773,0.3457260872829112,False,Intervene due to high lanes
34387011,0.21425658424428032,False,Intervene due to high lanes
53728963,0.22535108770225498,False,Intervene due to high lanes
41782550,0.3315312115184253,False,Intervene due to high lanes
23088387,0.29632246881826885,False,Intervene due to high lanes
70416779,0.3246876269366662,False,Intervene due to high lanes
61015145,0.26014673806457284,False,Intervene due to high lanes
52336398,0.2132792604183768,False,Intervene due to high lanes
26036876,0.2297497541541306,False,Intervene due to high lanes
245615970,0.20357558790724697,False,Intervene due to high lanes
455487235,0.23102939824773205,False,Intervene due to high lanes
1017404626,0.2884981004586472,False,Intervene due to high lanes
37936127,0.6580395519919506,True,Intervene due to high lanes
227670575,0.26552661273168204,False,Intervene due to high lanes
112798639,0.20982936978867003,False,Intervene due to high lanes
76159746,0.23553726364307398,False,Intervene due to high lanes
98468842,0.6203001274703165,False,Intervene due to high lanes
967778651,1.1636900028628103,True,Intervene due to high lanes
65033755,0.6114752266732194,False,Intervene due to high lanes
259866199,0.24104590826184752,False,Intervene due to high lanes
934501189,0.245419167198865,False,Intervene due to high lanes
22663870,0.22331899017948348,False,Intervene due to high lanes
634250279,0.2161778336148993,False,Intervene due to high lanes
30778463,0.22779910645085788,False,Intervene due to high lanes
29022443,0.2274188131499229,False,Intervene due to high lanes
393918254,0.2849776437414693,False,Intervene due to high lanes
607016785,0.24621267141025632,False,Intervene due to high lanes
993302469,0.20742022293045315,False,Intervene due to high lanes
160393771,0.6045957100897442,False,Intervene due to high lanes
1069462074,0.6324925673255914,True,Intervene due to high lanes
106509097,0.20441379993213474,False,Intervene due to high lanes
623236388,0.24174140587780246,False,Intervene due to high lanes
577205344,0.213447444035637,False,Intervene due to high lanes
169332184,1.0226781566643985,True,Intervene due to high lanes
106768827,0.6842717910622446,True,Intervene due to high lanes
106976357,0.22288201004979977,False,Intervene due to high lanes
166219900,0.2603408186034438,False,Intervene due to high lanes
91138372,0.21668704832297672,False,Intervene due to high lanes
251713110,0.20944302975344048,False,Intervene due to high lanes
111563031,0.6306249351364553,True,Intervene due to high lanes
27421968,0.23070665939801907,False,Intervene due to high lanes
4271664,0.24780685437858893,False,Intervene due to high lanes
29565858,0.36563982891057234,False,Intervene due to high lanes
31759697,0.6205898181612933,False,Intervene due to high lanes
44660376,0.22939579649674705,False,Intervene due to high lanes
819754088,0.6342479383630639,True,Intervene due to high lanes
736305183,0.4426069139956307,False,Intervene due to high lanes
921700482,0.21992678199887244,False,Intervene due to high lanes
52013373,0.2317306112717337,False,Intervene due to high lanes
1169792564,0.24611654280773335,False,Intervene due to high lanes
27422089,0.27332947918446854,False,Intervene due to high lanes
693661417,0.2841899166702215,False,Intervene due to high lanes
634047988,0.33297470920788835,False,Intervene due to high lanes
4709409,0.2678555316612722,False,Intervene due to high lanes
972163645,0.21054604628197793,False,Intervene due to high lanes
12799522,0.7656908834527605,True,Intervene due to high lanes
539666079,0.2472121459227038,False,Intervene due to high lanes
108398721,0.28900774545838126,False,Intervene due to high lanes
67480204,0.2662212886243301,False,Intervene due to high lanes
25862164,0.6158665721610045,False,Intervene due to high lanes
30911120,0.2607883582727106,False,Intervene due to high lanes
48955502,0.26746361486399095,False,Intervene due to high lanes
47419246,0.24271994672631098,False,Intervene due to high lanes
30161675,0.46025003308896867,False,Intervene due to high segment_width
157331506,0.2075229185042316,False,Intervene due to high lanes
27422086,0.26287600295059316,False,Intervene due to high lanes
28206769,0.20376520995503314,False,Intervene due to high lanes
10403920,0.33498545323224366,False,Intervene due to high lanes
179633652,0.24440675527827688,False,Intervene due to high lanes
27034736,0.2657713975279945,False,Intervene due to high lanes
157375129,0.21495425535257334,False,Intervene due to high lanes
4243612,0.22899247243031967,False,Intervene due to high lanes
822116418,0.2216727501726338,False,Intervene due to high lanes
32806691,0.22555462166215087,False,Intervene due to high lanes
25935850,0.22503896834194906,False,Intervene due to high lanes
666841276,0.2419108173208066,False,Intervene due to high lanes
329637636,0.2906514119146086,False,Intervene due to high lanes
26137549,0.22611652332440646,False,Intervene due to high lanes
23961396,0.3284233635842566,False,Intervene due to high lanes
32404914,0.29333623402026365,False,Intervene due to high lanes
159447273,0.25894011049971377,False,Intervene due to high lanes
169800560,0.23433648098485083,False,Intervene due to high lanes
47483703,0.22606797049460098,False,Intervene due to high lanes
135622376,0.21574885706432834,False,Intervene due to high lanes
30177168,0.21645054005324574,False,Intervene due to high lanes
4270595,0.30612905973944554,False,Intervene due to high lanes
104432204,0.25536740209098985,False,Intervene due to high lanes
142237056,0.2274603908757106,False,Intervene due to high lanes
643157814,0.28185590115481124,False,Intervene due to high lanes
69583031,0.22967788839643427,False,Intervene due to high lanes
787467856,0.22082317123087308,False,Intervene due to high lanes
921542697,0.3639005553745127,False,Intervene due to high lanes
131593584,0.294294494777024,False,Intervene due to high lanes
28811051,0.07034236277846106,False,Intervene due to high segment_width
837585768,0.22988846692724418,False,Intervene due to high lanes
51996835,0.2337144238967991,False,Intervene due to high lanes
693411683,0.23509252174491652,False,Intervene due to high lanes
53138047,0.2119902008550124,False,Intervene due to high lanes
24053890,0.23940489637752352,False,Intervene due to high lanes
34613910,0.20511631125901594,False,Intervene due to high lanes
53309175,0.24926364558501113,False,Intervene due to high lanes
273590743,0.325711940170752,False,Intervene due to high lanes
952535955,0.2057169403723316,False,Intervene due to high lanes
681043081,0.2106355856744286,False,Intervene due to high lanes
5073937,0.2153799105613609,False,Intervene due to high lanes
99345474,0.20537515769704737,False,Intervene due to high lanes
212584992,0.2364574796036584,False,Intervene due to high lanes
764484149,0.33721372538621996,False,Intervene due to high lanes
675456183,0.2270864570596652,False,Intervene due to high lanes
94057148,0.24954957686550525,False,Intervene due to high lanes
36297581,0.6128829789151288,False,Intervene due to high lanes
27421956,0.2410916336919623,False,Intervene due to high lanes
22770730,0.2182864474683587,False,Intervene due to high lanes
563501842,0.23928584620264287,False,Intervene due to high lanes
169922807,0.21089978471900736,False,Intervene due to high lanes
98087357,0.33785106244089325,False,Intervene due to high lanes
153005779,0.670531199893372,True,Intervene due to high lanes
57016687,0.20978373563951722,False,Intervene due to high lanes
165944758,0.25006325465486906,False,Intervene due to high lanes
23519463,0.30627930553642796,False,Intervene due to high lanes
511851762,0.29984263316684284,False,Intervene due to high lanes
166606701,0.2366963307842437,False,Intervene due to high lanes
185227306,0.2263873077459767,False,Intervene due to high lanes
388980610,0.2625301559445143,False,Intervene due to high lanes
125734958,0.23450609010106288,False,Intervene due to high lanes
71396621,0.23599351307473257,False,Intervene due to high lanes
623976639,0.308338789225513,False,Intervene due to high lanes
258044979,0.24744858996527824,False,Intervene due to high lanes
157258937,0.22638600776212858,False,Intervene due to high lanes
71937917,0.23516449424465313,False,Intervene due to high lanes
105251300,0.38930011761490246,False,Intervene due to high lanes
105276046,0.25779195902492896,False,Intervene due to high lanes
107016755,0.23104733844980024,False,Intervene due to high lanes
5545341,0.29359951602006307,False,Intervene due to high lanes
4243609,0.6620713121689358,True,Intervene due to high lanes
48734496,0.2988205098518707,False,Intervene due to high lanes
28908393,0.29365680705352404,False,Intervene due to high lanes
121380996,0.31987812783130476,False,Intervene due to high lanes
57886930,0.2962295988647667,False,Intervene due to high lanes
164878464,0.27318514889095064,False,Intervene due to high lanes
373216371,1.0383039835305157,True,Intervene due to high mean_curvature
27997202,0.6533715949126329,True,Intervene due to high lanes
148282906,0.2152842081056916,False,Intervene due to high lanes
169405726,0.2101430537277401,False,Intervene due to high lanes
32506737,0.21116086505884293,False,Intervene due to high lanes
23519207,0.22049761555651087,False,Intervene due to high lanes
151359912,0.22695204173162972,False,Intervene due to high lanes
4243609,0.7046871562532574,True,Intervene due to high lanes
32869999,0.6914877055227913,True,Intervene due to high lanes
23212160,0.4057404526047212,False,Intervene due to high lanes
77711239,0.271153496665357,False,Intervene due to high lanes
82995055,0.22087039971323413,False,Intervene due to high lanes
846584625,0.21724178990723184,False,Intervene due to high lanes
229487783,0.3104642482964774,False,Intervene due to high lanes
192228090,0.20510096214522067,False,Intervene due to high lanes
122115945,0.21884352672769422,False,Intervene due to high lanes
338245731,0.25441067119579386,False,Intervene due to high lanes
52021374,0.4117137146139232,False,Intervene due to high segment_width
1224738546,0.24315710955587116,False,Intervene due to high lanes
29108844,0.2715930948564835,False,Intervene due to high lanes
339665427,0.21422492368070067,False,Intervene due to high lanes
4243925,0.11647381458835249,False,Intervene due to high mean_curvature
10852550,0.22246628484353542,False,Intervene due to high lanes
749089267,0.24232420640696595,False,Intervene due to high lanes
4483878,0.700648049703828,True,Intervene due to high lanes
57884305,0.23898711226127442,False,Intervene due to high lanes
90799129,0.23828138222238177,False,Intervene due to high lanes
713833753,0.2491028899026454,False,Intervene due to high lanes
24158828,0.25729018236567025,False,Intervene due to high lanes
19821323,0.2246055353121699,False,Intervene due to high lanes
246786459,0.2733218792921849,False,Intervene due to high lanes
1047010173,0.27123410802046966,False,Intervene due to high lanes
29086079,0.35674361876740923,False,Intervene due to high lanes
541633397,0.2613744078102793,False,Intervene due to high lanes
558963696,0.2148506497136949,False,Intervene due to high lanes
127506892,0.7330240783920382,True,Intervene due to high lanes
32376934,0.2799951500917287,False,Intervene due to high lanes
23087102,0.28477337771383565,False,Intervene due to high lanes
1249813063,0.3257424939002455,False,Intervene due to high lanes
28957492,0.2414084532422836,False,Intervene due to high lanes
50425513,0.2142788514747005,False,Intervene due to high lanes
157402554,0.24848288423864115,False,Intervene due to high lanes
100281065,0.4955310606156307,False,Intervene due to high mean_curvature
